Patient ID,ADCP,ADCP,ADCP,ADCP,ADCP,ADCP,ADNP,ADNP,ADNP,ADNP,ADNP,ADNP,ADNP,ADNP,ADNP,ADNP,ADNP,ADNP,ADNP,ADNP,ADNP,ADNP,ADNP,ADNP,ADNP,ADNP,ADCC,ADCC,ADCC,ADCC,ADCC,ADCC,Complement,Complement,Complement,Complement,Complement,Complement,Complement,Complement,Complement,Complement,Complement,Complement,Complement,Complement,Complement,Complement,Complement,Complement,Complement,Complement,Complement,Complement,Complement,Complement,Complement,Complement,Complement,Complement,Neut Titer,Neut Titer
,serum,serum,serum,Nasal,Nasal,Nasal,serum (donor 2),serum (donor 2),serum (donor 2),serum(donor 3),serum(donor 3),serum(donor 3),Ave of both donors,Ave of both donors,Ave of both donors,Ave of both donors,nasal  (donor 2),nasal  (donor 2),nasal  (donor 2),nasal (donor 3),nasal (donor 3),nasal (donor 3),Ave of both donors,Ave of both donors,Ave of both donors,Ave of both donors,serum,serum,serum,nasal,nasal,nasal,serum,serum,serum,serum,serum,serum,serum,serum,serum,serum,serum,serum,serum,serum,nasal,nasal,nasal,nasal,nasal,nasal,nasal,nasal,nasal,nasal,nasal,nasal,nasal,nasal,Serum,Nasal
,300,900,Peak,100,300,Peak,100,500,2500,100,500,2500,100,500,2500,Peak,50,250,1250,50,250,1250,50,250,1250,Peak,300,900,Peak,100,300,Peak,CoV-2 RBD,CoV-2 S1,CoV-2 S1,CoV-2 S,CoV-2 E,CoV-1 S-2P,MERS S,MERS S-2P,WIV1,229E S1,229E S,OC43 S,HKU1 S,HSV gE,CoV-2 RBD,CoV-2 S1,CoV-2 S1,CoV-2 S,CoV-2 E,CoV-1 S-2P,MERS S,MERS S-2P,WIV1,229E S1,229E S,OC43 S,HKU1 S,HSV gE,60%,60%
1,192.72,112,192.72,114.639,46.86,114.639,94.71,10.62,14.54,149.85,14.98,15.2,122.28,12.8,14.87,122.28,31.15,61.5,84.5,57.62,61.64,65.6,44.385,61.57,75.05,75.05,40.3,24,40.3,41,39,41,398,228,720,9432,1027.5,3020.5,101,3912.5,2523,4750.5,7081,5492,2391,6321.5,105,58,161.5,560,363,2265,62,2631.5,438,501,7191,5415,1576.5,11969,548,16
2,1048,583.05,1048,111.475,55.221,111.475,379.1,218.63,54.13,502.98,268.62,53.38,441.04,243.625,53.755,441.04,2.61,78.4,84.15,55.04,66.56,64.8,28.825,72.48,74.475,74.475,411,65,411,44.3,50.3,50.3,1128.5,3757,5967,15021.5,713,2701,174,4074,7247.5,15166,11240,11754.5,1981,13434,72,43,204.5,1816,287,2189,56,4020,1383,1270.5,6757,5905,2072,10914,1853,11
3,252.672,70.29,252.672,146.4,90.244,146.4,49.44,10.9,18.04,42.39,13.3,13.49,45.915,12.1,15.765,45.915,16.28,74.52,80,34.68,48.96,43.05,25.48,61.74,61.525,61.525,77.3,38.7,77.3,39.7,50.7,50.7,334.5,251,850,12731.5,339,3048.5,81,3762,4134,9935,8170,10162,3111,12765,58.5,31,256,1586.5,228,2468,45,3075,512,2020,7476,5885.5,2132.5,13498,268,8
4,1541.09,1473.32,1541.09,286.081,127.386,286.081,235.38,344.14,59.5,221.85,295.92,57.6,228.615,320.03,58.55,320.03,17.82,58.08,74,26.5,46.64,57.6,22.16,52.36,65.8,65.8,634,356,634,50.7,37.7,50.7,4160,263.5,11613,13389.5,287,5009,75,3780,3813,10283,7018,11957.5,2106,11191.5,210,32,273.5,2061,132,2590,32,2237,783,2502,6989.5,6549.5,2217,14241,2594,11
5,1350.05,646.22,1350.05,102.078,83.78,102.078,200.69,62.11,31.86,160.16,100.27,23.54,180.425,81.19,27.7,180.425,47.7,100.8,74.5,66.74,78.1,55.08,57.22,89.45,64.79,89.45,57.7,53,57.7,48.7,45.7,48.7,961,6649,7190,19833,760.5,6127,91,2968,7267,10240,12433,13140,3632.5,15914,33,25,228,1276.5,107,2760,31,1651,438,1412,6709,4801,2303,14102.5,280,30
6,1104.01,703.501,1104.01,181.39,75.544,181.39,287.33,54.93,24.99,365.76,72,20.9,326.545,63.465,22.945,326.545,15,63.7,72.96,38.61,57.33,57.24,26.805,60.515,65.1,65.1,161,37.3,161,54.7,44.7,54.7,4085,4202,11045,18748,309,4369,74,4538,8926,16306,14714,16741,4220,15092,65,34,478,1775,213,3868,48,3450,863,4639,10070,7428,3258,15702.5,1029,14
7,52.0741,38.211,52.0741,104.37,59.961,104.37,35.33,9.75,12.78,27.27,9.02,15.3,31.3,9.385,14.04,31.3,23.54,96.32,106.79,69,71.76,71.28,46.27,84.04,89.035,89.035,46,30.3,46,42.7,45.7,45.7,131.5,9126,1204,4191,739,3387,203,4200,7937.5,11918,10714,15505,2633,14099,,,186.5,1972,,2200,,,,1178,6540,6005,2138,11524,50,8
8,57.125,41.406,57.125,97.9,72.297,97.9,15.09,2.65,16.78,17.1,10.8,17.86,16.095,6.725,17.32,17.32,38.25,71.28,98.04,30.9,52.53,73.35,34.575,61.905,85.695,85.695,23.7,34.7,34.7,43.3,36.3,43.3,198,72,1021,5059.5,557,4257,75,4146,650.5,17504.5,11135,16929.5,7720,16451,,,413,3475,,3341,,,,3249,8987,7656,2862.5,14186,50,8
9,69.882,61.788,69.882,101.361,69.72,101.361,13.08,8.02,7.29,6.3,9.2,13.05,9.69,8.61,10.17,10.17,50.5,106.8,89.04,72.61,75.35,69.3,61.555,91.075,79.17,91.075,29.3,33.7,33.7,40.3,50.7,50.7,160.5,83,9351,5290,829,4695,73,4437,1439,11021,11758,13675,3861.5,15889.5,,,774,5016,,3287,,,,4467,8313.5,8428,2826,13491,50,8
10,58.4896,46.8666,58.4896,97.578,70.889,97.578,24.59,7.94,10.05,23.25,8.47,11.7,23.92,8.205,10.875,23.92,22.23,93,86.19,82.62,84.15,52.56,52.425,88.575,69.375,88.575,31.7,39.7,39.7,56.3,38.7,56.3,419,97,1973,7915,991,5714,117,4599.5,1475,18301,11560,20606,4725.5,18150,,,1241,5550,,3841,,,,6571,8856,8807,3459,13403,50,8
11,179.76,83.185,179.76,102.315,73.377,102.315,56.24,7.06,11.26,60.06,13.58,8.54,58.15,10.32,9.9,58.15,26.73,79.23,76.14,51.24,64.66,53.82,38.985,71.945,64.98,71.945,39.7,42,42,39,53.3,53.3,269,8168,7261,19123,821,5573,98,3806,8305.5,20406,17057,18614.5,5444,19531,65.5,45,1248,6033.5,284,4725.5,50.5,3297.5,1393,3582,8773,10314,3351.5,16263,62,8
12,676.821,449.471,676.821,133.33,75.705,133.33,171.53,11.9,10.04,197.1,16.32,11.25,184.315,14.11,10.645,184.315,3.48,35.28,63.94,8.5,26.35,59.94,5.99,30.815,61.94,61.94,47,32.3,47,47.7,43.7,47.7,2769,357.5,14935.5,21614,457,6949,114,5297,6410,21128,14871,19265,6877,20395,81.5,121,1281,2910,178,5593,79,3483,2241.5,9720,13418,12200,5074.5,18511,192,32
13,928.528,1079.973,1079.973,437.325,175.871,437.325,9.59,126.05,179.32,81.84,89.1,139.78,45.715,107.575,159.55,159.55,22.33,64.19,78.54,40.12,55.46,51.8,31.225,59.825,65.17,65.17,629,279,629,37,42.7,42.7,5407.5,6320,12450.5,13302.5,1424,7092,169,4885.5,10248,6244,7298,2962,2809,11831,72,42,201,1208,224.5,2455,51,3137,759,1681.5,7130.5,5165,2157,12842,1567,8
14,35.0336,30.1163,35.0336,114.345,70.056,114.345,6.48,9.43,10.5,4.13,8.91,12.18,5.305,9.17,11.34,11.34,24.36,52.46,62.55,19.95,34.2,57.76,22.155,43.33,60.155,60.155,36.7,30.3,36.7,49.3,48,49.3,156.5,152,939,2732,1295,2801,149,4557,2004,8751,7741,10520.5,1962,13455,,,270,2391,,2649,,,,2103,7464,5561.5,2321.5,12632,50,8
15,41.5044,55.182,55.182,61.2,64.467,64.467,20.95,6.96,10.32,20.6,10.56,13.5,20.775,8.76,11.91,20.775,17.82,51.92,89.5,27.26,38.54,60.8,22.54,45.23,75.15,75.15,44,44.7,44.7,49.3,44.3,49.3,132,60,460,1941.5,900,2831,90,3771,414,17048,14771,15693,1449,14414,83,48,278.5,2561,450,2721,60,3112.5,1380,1796,7551,6620,1635,13029,50,8
16,115.632,39.235,115.632,121.728,64.842,121.728,38.73,10.62,8.64,22.04,13.26,11.57,30.385,11.94,10.105,30.385,14.74,59.69,73.32,29.29,46.46,57.72,22.015,53.075,65.52,65.52,31.7,33.7,33.7,41.7,42.3,42.3,126.5,8132.5,1723.5,3571.5,2135,3351,121,1761,7673.5,12977,10572,13242.5,2590,14160,69,39,279,2442.5,208,2572,48,2256,515,1983,6562,5814,2082,12793.5,50,8
17,750.316,407.966,750.316,131.378,75.394,131.378,187.5,13.55,15.07,190.32,13.6,16.38,188.91,13.575,15.725,188.91,49.68,107.97,92.04,69,78,54.06,59.34,92.985,73.05,92.985,31.7,28.7,31.7,41.3,41,41.3,271,75,10016,14146.5,486,3250,85,4748,954,9140,7673,13849.5,5036,14284,56,29,227.5,2110,225,2216,46,3548,473,2053,5646,6135,2186.5,11410,143,8
18,50.0039,46.2867,50.0039,42.658,69.778,69.778,5.4,7.12,14.71,1.75,10.67,14.4,3.575,8.895,14.555,14.555,32.68,56.58,75.99,27.56,46.64,66.65,30.12,51.61,71.32,71.32,53.7,41.7,53.7,42.7,85.7,85.7,135,52.5,3375,1767,789,2155,82,4369,483,4139,6677,11449,5294.5,11530,93,54,234,2334,417,2628,67,4434,1423.5,205,7649.5,5410.5,286,13281,50,8
19,782.028,388.152,782.028,139.851,73.67,139.851,47.05,18.17,17.14,30.21,19.36,17.82,38.63,18.765,17.48,38.63,26.4,91.45,87.88,48.4,60.5,53.2,37.4,75.975,70.54,75.975,29.3,27.3,29.3,37,37.7,37.7,1818,345,10035,17923,611,5024,86,4208,4749,17802,13538,16586,3773.5,15024,38,24,265,2123,168,2473,35,2340.5,450.5,2689,5789,6317,2332,12457,176,11
20,339.234,304.164,339.234,97.3,67.62,97.3,201.8,12.53,7.57,194.04,12.35,4.12,197.92,12.44,5.845,197.92,19.92,59.5,76.93,32.1,49.22,61.6,26.01,54.36,69.265,69.625,41.7,27.3,41.7,38.7,49.7,49.7,150,1031,14658.5,17590,484,9545,133,4458,8603.5,16773,12578,14624,6127.5,14981,57,39.5,1285,5624,260,3760,50,3446,1433,6864,9262,8919.5,3509,13414,376,9
21,842.688,763.686,842.688,98.898,56.852,98.898,335.87,69.08,21.99,432,159.8,18,383.935,114.44,19.995,383.935,23.87,72.05,76.5,2.88,51.94,65.91,13.375,61.995,71.205,71.025,452,63.7,452,44,51.3,51.3,1093,5899,3627.5,17994.5,454.5,6133.5,355,4237.5,8027,16786.5,13699.5,16613,2511,15233,312,24,403,2861,192,3074,33,1221,555,3481.5,8390,7469,2336,13264.5,767,8
22,835.072,1677.65,1677.65,151.528,104.247,151.528,313.32,311.58,120.88,253.68,334.8,103.53,283.5,323.19,112.205,323.19,55,7.32,73.1,89.65,86.39,60.45,72.325,46.855,66.775,72.325,713,542,713,41.7,53.3,53.3,6989,75,16578,20019.5,338,6390,61,3927,4879,18239,12679.5,17855,3598,17641,57,29,685,3556,476,3427,41,2700,961,4263,8635,8038.5,2921,13241,2385,8
23,602.364,324.87,602.364,126.546,84.656,126.546,50.38,12.99,8.82,40.95,24.13,13.65,45.665,18.56,11.235,45.665,18.4,64.68,84.28,29.68,47.7,54,24.04,56.19,69.14,69.14,68.3,50.3,68.3,38.7,55.3,55.3,1010,10422.5,12353,21222,414,8292.5,125.5,4481.5,9240,20942,15941.5,19494,5525,19147,76,59,245,1709,380,2582,58,3639,2199,2028,7307,6095,2307,13183,137,8
24,68.728,56.8242,68.728,87.514,74.184,87.514,15.59,8.7,13.94,13.44,6.5,18.62,14.515,7.6,16.28,16.28,18.36,70,95.7,42.18,53.58,51.48,30.27,61.79,73.59,73.59,47,39.7,47,35.3,60,60,192.5,60,954,2921.5,954.5,3116,104.5,3017.5,324,17499,11011,15199,2759,15623.5,77,55,273,2588,435,2564,51,3485.5,993.5,1702,7684.5,6115,2186,12236,50,8
25,49.2544,62.493,62.493,106.572,87.21,106.572,60.1,9.15,9.08,56.58,11.28,20.91,58.34,10.215,14.995,58.34,24.3,33.25,80.07,16.02,33.82,72.22,20.16,33.535,76.145,76.145,46,27.3,46,39,79,79,284,60,775,4450.5,1523,3613,86,4233,752,18103,16715,15449,9756.5,14095.5,97,45,597.5,3922,511,3775,61,3833,1408,3025,9190,7668,3018,15284,50,8
26,87.234,67.3836,87.234,71.461,57.116,71.461,22.17,8.44,9.91,19.58,7.83,22.8,20.875,8.135,16.355,20.875,20.7,76.5,135.68,37.8,51.84,78.89,29.25,64.17,107.285,107.285,41,40,41,43,64.7,64.7,230,98,1033,4636.5,1077.5,4369,141,4550,747,17537,13135,10277,10140,17125,88,38,410,2537,487.5,2954.5,66,2565,1444.5,2603,8581,6331,2410,13019,50,8
27,60.526,58.752,60.526,65.762,97.96,97.96,15.79,7.97,6.65,8.82,8.1,16.64,12.305,8.035,11.645,12.305,20.47,67.13,135.11,26.19,48.5,54.94,23.33,57.815,95.025,95.025,43,36,43,34.3,63.7,63.7,204,78.5,1562.5,6409,801,4923,156,4858.5,1337,16998,9356,18336,5417.5,16575,75,41,,,388,,58,4347,1750.5,,,,,,50,8
28,70.434,94.32,94.32,91.524,99.029,99.029,5.41,8.21,6.4,2.73,6.8,14.85,4.07,7.505,10.625,10.625,30.03,61.25,51.09,27.44,43.12,52.26,28.735,52.185,51.675,52.185,54.3,42.3,54.3,34.3,42.3,42.3,212.5,107.5,1563.5,5587,656.5,4161.5,117,5356,2288,17776,10777,15700.5,9772,14728.5,87.5,66,,,474.5,,66.5,4703,2920,,,,,,50,8
29,527.394,226.688,527.394,,,,13.06,11.99,11.82,17.38,14.82,18.54,15.22,13.405,15.18,15.22,,,,,,,,,,,47.7,43.3,47.7,,,,753,3796.5,4940,14333,976,2969,96.5,4487,9951.5,15156,10124,13238,3862,14168,,,,,,,,,,,,,,,76,22
30,878.528,1017.648,1017.648,96.398,103.395,103.395,300.49,345,31.3,403.2,422.24,31.86,351.845,383.62,31.58,383.62,32.68,61.71,1.9,47.2,50.74,51.43,39.94,56.225,26.665,56.225,659,309,659,48,48.3,48.3,4897,1013,15709.5,16244.5,1087,6090,95,4444,978,16391,11657,13476,2498,13091,,,212,1804,,2381,,,,1618,6936,5726,2228.5,11746.5,526,22
31,610.305,510.3,610.305,177.606,78.822,177.606,312.8,246.72,26.47,496.86,367.35,33.48,404.83,307.035,29.975,404.83,24.72,72.24,99.64,55.8,59.52,64.26,40.26,65.88,81.95,81.95,141,43.7,141,38.3,44.7,44.7,2465,9722.5,7549,11906,664,2180,119,4384,9906,8144.5,4804,9637.5,1538,11025,134,,203.5,779,,2628,,,,2030,7862,5893,1971.5,13316,2821,11
32,43.452,27.5544,43.452,93.84,72.42,93.84,40.64,6.51,9.6,14.3,,14.25,27.47,6.51,11.925,27.47,34.3,66.74,49.14,40.96,53.75,62.79,37.63,60.245,55.965,60.245,35,31.7,35,49,42,49,189.5,112,508,2551,1345,2345,125,4219,1877,12444,9476,10369,7915,11064,95,69,321.5,3170,413,3424.5,68,4472,2693,2696,9584,6759,2641.5,14653.5,50,8
33,48.3,46.551,48.3,94.149,59.624,94.149,26.62,7.29,16.54,20.68,,16.1,23.65,7.29,16.32,23.65,22.25,31,60.8,36.38,49.22,48.3,29.315,40.11,54.55,54.55,35,36.3,36.3,57,42.7,57,221,78,541,3236,776,3008,121,3074,293,15690,14146,15489,6075,14189,76,46.5,432,3988,368,3193,53.5,3083,1492,2505,8599,6005.5,2623,13862.5,50,8
34,1072.05,1126.342,1126.342,182.895,95.788,182.895,291.95,292.11,18.91,355.74,471.2,27.83,323.845,381.655,23.37,381.655,36.9,60,95.2,36.89,54.74,79.58,36.895,57.37,87.39,87.39,396,64.3,396,43.7,38.3,43.7,5540.5,4200,13326,16648.5,995,4757,170,2812.5,5947.5,10198,9756.5,15367.5,3487,15132,,,174,1526,,2268,,,,1534,6261,6009.5,2178,12572,870,8
35,85.3368,57.2542,85.3368,75.258,72.24,75.258,12.56,6.34,18.14,14.22,,20.7,13.39,6.34,19.42,19.42,,,60,29.4,47.04,63.96,29.4,47.04,61.98,61.98,45.3,32,45.3,46,35,46,234,90,597,2286,677.5,2620,130,4043.5,361,14865,8661,15605,1698,12803,66.5,36,304,3169,680.5,3063,45.5,1782,746,2686.5,8205,7179,2562.5,13349,50,8
Background,,,,,,,,,,,,,,,,,,,,,,,,,,,,,,,,,61,57,86.5,167,1052,879,140,3929,352,396,5765.5,3793,1023.5,8167,61,57,86.5,167,1052,879,140,3929,352,396,5765.5,3793,1023.5,8167,,
